{"v":"5.1.7","fr":30,"ip":0,"op":66,"w":600,"h":600,"nm":"arrow","ddd":0,"assets":[],"layers":[{"ddd":0,"ind":1,"ty":4,"nm":"arrow Outlines","sr":1,"ks":{"o":{"a":0,"k":100,"ix":11},"r":{"a":0,"k":0,"ix":10},"p":{"a":1,"k":[{"i":{"x":0,"y":1},"o":{"x":0.925,"y":0},"n":"0_1_0p925_0","t":0,"s":[-110,300,0],"e":[210,300,0],"to":[53.3333320617676,0,0],"ti":[-133.33332824707,0,0]},{"i":{"x":0,"y":1},"o":{"x":0.865,"y":0},"n":"0_1_0p865_0","t":30,"s":[210,300,0],"e":[690,300,0],"to":[133.33332824707,0,0],"ti":[-80,0,0]},{"t":60}],"ix":2},"a":{"a":0,"k":[300,300,0],"ix":1},"s":{"a":0,"k":[100,100,100],"ix":6}},"ao":0,"shapes":[{"ty":"gr","it":[{"ind":0,"ty":"sh","ix":1,"ks":{"a":0,"k":{"i":[[0,0],[0,0],[0,0]],"o":[[0,0],[0,0],[0,0]],"v":[[-61,-119.5],[61,-0.5],[-61,119.5]],"c":false},"ix":2},"nm":"Path 1","mn":"ADBE Vector Shape - Group","hd":false},{"ty":"st","c":{"a":0,"k":[1,1,1,1],"ix":3},"o":{"a":0,"k":100,"ix":4},"w":{"a":0,"k":48,"ix":5},"lc":2,"lj":2,"nm":"Stroke 1","mn":"ADBE Vector Graphic - Stroke","hd":false},{"ty":"tr","p":{"a":0,"k":[300,274.5],"ix":2},"a":{"a":0,"k":[0,0],"ix":1},"s":{"a":0,"k":[100,100],"ix":3},"r":{"a":0,"k":0,"ix":6},"o":{"a":0,"k":100,"ix":7},"sk":{"a":0,"k":0,"ix":4},"sa":{"a":0,"k":0,"ix":5},"nm":"Transform"}],"nm":"Group 1","np":2,"cix":2,"ix":1,"mn":"ADBE Vector Group","hd":false},{"ty":"tm","s":{"a":1,"k":[{"i":{"x":[0],"y":[1]},"o":{"x":[0.925],"y":[0]},"n":["0_1_0p925_0"],"t":0,"s":[50],"e":[100]},{"i":{"x":[0.008],"y":[1]},"o":{"x":[0.865],"y":[0]},"n":["0p008_1_0p865_0"],"t":30,"s":[100],"e":[50]},{"t":60}],"ix":1},"e":{"a":1,"k":[{"i":{"x":[0],"y":[1]},"o":{"x":[0.925],"y":[0]},"n":["0_1_0p925_0"],"t":0,"s":[50],"e":[0]},{"i":{"x":[0.008],"y":[1]},"o":{"x":[0.865],"y":[0]},"n":["0p008_1_0p865_0"],"t":30,"s":[0],"e":[50]},{"t":60}],"ix":2},"o":{"a":0,"k":0,"ix":3},"m":1,"ix":2,"nm":"Trim Paths 1","mn":"ADBE Vector Filter - Trim","hd":false},{"ty":"rp","c":{"a":1,"k":[{"i":{"x":[0],"y":[1]},"o":{"x":[0.925],"y":[0]},"n":["0_1_0p925_0"],"t":0,"s":[0],"e":[3]},{"i":{"x":[0.008],"y":[1]},"o":{"x":[0.865],"y":[0]},"n":["0p008_1_0p865_0"],"t":30,"s":[3],"e":[0]},{"t":60}],"ix":1},"o":{"a":0,"k":0,"ix":2},"m":1,"ix":3,"tr":{"ty":"tr","p":{"a":0,"k":[100,0],"ix":2},"a":{"a":0,"k":[0,0],"ix":1},"s":{"a":0,"k":[100,100],"ix":3},"r":{"a":0,"k":0,"ix":4},"so":{"a":0,"k":100,"ix":5},"eo":{"a":0,"k":100,"ix":6},"nm":"Transform"},"nm":"Repeater 1","mn":"ADBE Vector Filter - Repeater","hd":false}],"ip":0,"op":120,"st":0,"bm":0}],"markers":[]}